
insert into ma_emp values ('erp012', '이영지',to_date('20120512','yyyy-mm-dd'),to_date('19950619','yyyy-mm-dd'),null, '001','003','006');
insert into ma_emp_private values('erp012','erperp_zeroji@gmail.com','서울시 동작구 제로아파트 1001-202','01044551234','9506192244152','서울시 동작구','제로아파트 1001-202');


insert into ma_emp values ('erp013', '강하경',to_date('20221215','yyyy-mm-dd'),to_date('19920919','yyyy-mm-dd'),null, '001','001','002');
insert into ma_emp_private values('erp013','erperp_coconut@gmail.com','경기 화성시 강여울길 4-2샘마을','01056121101','9209192454123','경기 화성시 강여울길 4-2','샘마을 12-2');

insert into ma_emp values ('erp014', '오병민',to_date('20110912','yyyy-mm-dd'),to_date('19931205','yyyy-mm-dd'),null, '001','002','010');
insert into ma_emp_private values('erp014','erperp_oking@gmail.com','서울시 서초구 강남아파트 4001-312','01079541145','9312051122332','서울시 서초구','강남아파트 4001-312');

insert into ma_emp values ('erp015', '이병건',to_date('20070301','yyyy-mm-dd'),to_date('19811215','yyyy-mm-dd'),null, '001','005','002');
insert into ma_emp_private values('erp015','erperp_calmdown@gmail.com','서울시 강남구 침착아파트 1002-602','01084541241','8112151214512','서울시 강남구','침착아파트 1002-602');

insert into ma_emp values ('erp016', '오혜린',to_date('20140201','yyyy-mm-dd'),to_date('19940206','yyyy-mm-dd'),null, '001','003','003');
insert into ma_emp_private values('erp016','erperp_oqueen@gmail.com','서울시 금천구 신풍아파트 123-45','01096532254','9402062112022','서울시 금천구','신풍아파트 123-45');

insert into ma_emp values ('erp017', '백재롱',to_date('20200601','yyyy-mm-dd'),to_date('20010302','yyyy-mm-dd'),null, '001','003','005');
insert into ma_emp_private values('erp017','erperp_maltese@gmail.com','서울시 동작구 유원아파트 101-602','01011442152','0206013545123','서울시 동작구','유원아파트 101-602');

insert into ma_emp values ('erp018', '신가인',to_date('20150908','yyyy-mm-dd'),to_date('19931202','yyyy-mm-dd'),null, '001','003','002');
insert into ma_emp_private values('erp018','erperp_gain@gmail.com','서울시 양천구 강서빌라 103-212','01013211123','9312022454123','서울시 양천구','강서빌라 103-212');

insert into ma_emp values ('erp019', '이지은',to_date('20140621','yyyy-mm-dd'),to_date('19931002','yyyy-mm-dd'),null, '001','002','005');
insert into ma_emp_private values('erp019','jieun93@gmail.com','서울시 영등포구 아이유아파트 301-1402','01033110022','9310022110123','서울시 영등포구','아이유아파트 301-1402');

insert into ma_emp values ('erp020', '유재석',to_date('19890122','yyyy-mm-dd'),to_date('19720814','yyyy-mm-dd'),null, '001','003','006');
insert into ma_emp_private values('erp020','erperp_ujaeseok@gmail.com','서울시 동작구 자이아파트 101-1522','01078946132','7208141546158','서울시 동작구','자이아파트 101-1522');


insert into ma_emp values ('erp021', '박명수',to_date('19880725','yyyy-mm-dd'),to_date('19700827','yyyy-mm-dd'),null, '001','001','007');
insert into ma_emp_private values('erp021','erperp_sonofdevil@gmail.com','서울시 광진구 이인자아파트 202-2002','01065220222','7008271255498','서울시 광진구','이인자아파트 202-2002');


insert into ma_emp values ('erp022', '하동훈',to_date('20030206','yyyy-mm-dd'),to_date('19790820','yyyy-mm-dd'),null, '001','001','010');
insert into ma_emp_private values('erp022','erperp_haha2@naver.com','서울시 양천구 제일아파트 107-1520','01020698850','7908201455236','서울시 양천구','제일아파트 107-1520');


insert into ma_emp values ('erp023', '정형돈',to_date('20001213','yyyy-mm-dd'),to_date('19780207','yyyy-mm-dd'),null, '001','005','009');
insert into ma_emp_private values('erp023','erperp_mejongae5@naver.com','서울시 종로구 물새아파트 116-207','01085695123','7802071587741','서울시 종로구','물새아파트 116-207');


insert into ma_emp values ('erp024', '정준하',to_date('20010608','yyyy-mm-dd'),to_date('19710318','yyyy-mm-dd'),null, '001','003','008');
insert into ma_emp_private values('erp024','erperp_helmet@naver.com','서울시 금천구 식신아파트 152-498','01064855895','7103181988502','서울시 금천구','식신아파트 152-498');


insert into ma_emp values ('erp025', '노홍철',to_date('19890227','yyyy-mm-dd'),to_date('19790331','yyyy-mm-dd'),to_date('19990721','yyyy-mm-dd'), '099','002','010');
insert into ma_emp_private values('erp025','erperp_dolplusi@naver.com','서울시 동작구 자이아파트 102-1408','01056448822','7903311123665','서울시 동작구','자이아파트 102-1408');


insert into ma_emp values ('erp026', '길성준',to_date('20060823','yyyy-mm-dd'),to_date('19780215','yyyy-mm-dd'),to_date('20090301','yyyy-mm-dd'), '099','005','010');
insert into ma_emp_private values('erp026','erperp_leessang@naver.com','서울시 양천구 리쌍아파트 227-642','01054558139','7802151543226','서울시 양천구','리쌍아파트 227-642');


insert into ma_emp values ('erp027', '임요환',to_date('19991105','yyyy-mm-dd'),to_date('19800904','yyyy-mm-dd'),null, '001','002','008');
insert into ma_emp_private values('erp027','erperp_slayerboxer@google.com','서울시 금천구 카카오아파트 462-411','01045312987','8009041779455','서울시 금천구','카카오아파트 462-411');


insert into ma_emp values ('erp028', '홍진호',to_date('19991222','yyyy-mm-dd'),to_date('19821031','yyyy-mm-dd'),null, '002','005','009');
insert into ma_emp_private values('erp028','erperp_yellow22@google.com','대전광역시 유성구 히드라아파트 202-2202','01022002200','8210311220322','대전광역시 유성구','히드라아파트 202-2202');


insert into ma_emp values ('erp029', '박정석',to_date('20010228','yyyy-mm-dd'),to_date('19831227','yyyy-mm-dd'),null, '001','003','010');
insert into ma_emp_private values('erp029','erperp_herotoss@google.com','서울시 종로구 현대아파트 103-206','01065990318','8312271664782','서울시 종로구','현대아파트 103-206');


insert into ma_emp values ('erp030', '이제동',to_date('20120517','yyyy-mm-dd'),to_date('19900109','yyyy-mm-dd'),null, '001','004','010');
insert into ma_emp_private values('erp030','erperp_pokgun@google.com','서울시 광진구 히드라아파트 127-862','01016495386','9001091026558','서울시 광진구','히드라아파트 127-862');

insert into ma_user values ('erp012', 'a12','012');
insert into ma_user values ('erp013', 'a13','013');
insert into ma_user values ('erp014', 'a14','014');
insert into ma_user values ('erp015', 'a15','015');
insert into ma_user values ('erp016', 'a16','016');
insert into ma_user values ('erp017', 'a17','017');
insert into ma_user values ('erp018', 'a18','018');
insert into ma_user values ('erp019', 'a19','019');
insert into ma_user values ('erp020', 'a20','020');
insert into ma_user values ('erp021', 'a21','021');
insert into ma_user values ('erp022', 'a22','022');
insert into ma_user values ('erp023', 'a23','023');
insert into ma_user values ('erp024', 'a24','024');
insert into ma_user values ('erp025', 'a25','025');
insert into ma_user values ('erp026', 'a26','026');
insert into ma_user values ('erp027', 'a27','027');
insert into ma_user values ('erp028', 'a28','028');
insert into ma_user values ('erp029', 'a29','029');
insert into ma_user values ('erp030', 'a30','030');

commit;